<application>
  <component name="libraryTable">
    <library name="Python 3.8 (eagle-infra) interpreter library">
      <CLASSES>
        <root url="file:///Library/Developer/CommandLineTools/Library/Frameworks/Python3.framework/Versions/3.8/lib/python3.8" />
        <root url="file:///Library/Developer/CommandLineTools/Library/Frameworks/Python3.framework/Versions/3.8/lib/python3.8/lib-dynload" />
        <root url="file://$USER_HOME$/CGProjects/eagle-infra/lib/eagle-market-data-etl-stack/venv/lib/python3.8/site-packages" />
        <root url="file://$USER_HOME$/Library/Caches/JetBrains/IntelliJIdea2021.1/python_stubs/1048417799" />
        <root url="file://$APPLICATION_PLUGINS_DIR$/python/helpers/python-skeletons" />
        <root url="file://$APPLICATION_PLUGINS_DIR$/python/helpers/typeshed/stdlib" />
        <root url="file://$APPLICATION_PLUGINS_DIR$/python/helpers/typeshed/stubs/jwt" />
        <root url="file://$APPLICATION_PLUGINS_DIR$/python/helpers/typeshed/stubs/six" />
        <root url="file://$APPLICATION_PLUGINS_DIR$/python/helpers/typeshed/stubs/mock" />
        <root url="file://$APPLICATION_PLUGINS_DIR$/python/helpers/typeshed/stubs/nmap" />
        <root url="file://$APPLICATION_PLUGINS_DIR$/python/helpers/typeshed/stubs/attrs" />
        <root url="file://$APPLICATION_PLUGINS_DIR$/python/helpers/typeshed/stubs/polib" />
        <root url="file://$APPLICATION_PLUGINS_DIR$/python/helpers/typeshed/stubs/retry" />
        <root url="file://$APPLICATION_PLUGINS_DIR$/python/helpers/typeshed/stubs/enum34" />
        <root url="file://$APPLICATION_PLUGINS_DIR$/python/helpers/typeshed/stubs/orjson" />
        <root url="file://$APPLICATION_PLUGINS_DIR$/python/helpers/typeshed/stubs/xxhash" />
        <root url="file://$APPLICATION_PLUGINS_DIR$/python/helpers/typeshed/stubs/chardet" />
        <root url="file://$APPLICATION_PLUGINS_DIR$/python/helpers/typeshed/stubs/futures" />
        <root url="file://$APPLICATION_PLUGINS_DIR$/python/helpers/typeshed/stubs/tzlocal" />
        <root url="file://$APPLICATION_PLUGINS_DIR$/python/helpers/typeshed/stubs/aiofiles" />
        <root url="file://$APPLICATION_PLUGINS_DIR$/python/helpers/typeshed/stubs/filelock" />
        <root url="file://$APPLICATION_PLUGINS_DIR$/python/helpers/typeshed/stubs/Markdown" />
        <root url="file://$APPLICATION_PLUGINS_DIR$/python/helpers/typeshed/stubs/paramiko" />
        <root url="file://$APPLICATION_PLUGINS_DIR$/python/helpers/typeshed/stubs/pathlib2" />
        <root url="file://$APPLICATION_PLUGINS_DIR$/python/helpers/typeshed/stubs/requests" />
        <root url="file://$APPLICATION_PLUGINS_DIR$/python/helpers/typeshed/stubs/waitress" />
        <root url="file://$APPLICATION_PLUGINS_DIR$/python/helpers/typeshed/stubs/Werkzeug" />
        <root url="file://$APPLICATION_PLUGINS_DIR$/python/helpers/typeshed/stubs/freezegun" />
        <root url="file://$APPLICATION_PLUGINS_DIR$/python/helpers/typeshed/stubs/ipaddress" />
        <root url="file://$APPLICATION_PLUGINS_DIR$/python/helpers/typeshed/stubs/pyRFC3339" />
        <root url="file://$APPLICATION_PLUGINS_DIR$/python/helpers/typeshed/stubs/typed-ast" />
        <root url="file://$APPLICATION_PLUGINS_DIR$/python/helpers/typeshed/stubs/cachetools" />
        <root url="file://$APPLICATION_PLUGINS_DIR$/python/helpers/typeshed/stubs/Deprecated" />
        <root url="file://$APPLICATION_PLUGINS_DIR$/python/helpers/typeshed/stubs/frozendict" />
        <root url="file://$APPLICATION_PLUGINS_DIR$/python/helpers/typeshed/stubs/contextvars" />
        <root url="file://$APPLICATION_PLUGINS_DIR$/python/helpers/typeshed/stubs/JACK-Client" />
        <root url="file://$APPLICATION_PLUGINS_DIR$/python/helpers/typeshed/stubs/atomicwrites" />
        <root url="file://$APPLICATION_PLUGINS_DIR$/python/helpers/typeshed/stubs/cryptography" />
        <root url="file://$APPLICATION_PLUGINS_DIR$/python/helpers/typeshed/stubs/click-spinner" />
        <root url="file://$APPLICATION_PLUGINS_DIR$/python/helpers/typeshed/stubs/DateTimeRange" />
        <root url="file://$APPLICATION_PLUGINS_DIR$/python/helpers/typeshed/stubs/pkg_resources" />
        <root url="file://$APPLICATION_PLUGINS_DIR$/python/helpers/typeshed/stubs/python-gflags" />
        <root url="file://$APPLICATION_PLUGINS_DIR$/python/helpers/typeshed/stubs/python-slugify" />
        <root url="file://$APPLICATION_PLUGINS_DIR$/python/helpers/typeshed/stubs/python-dateutil" />
        <root url="file://$APPLICATION_PLUGINS_DIR$/python/helpers/typeshed/stubs/typing-extensions" />
      </CLASSES>
      <JAVADOC />
      <SOURCES>
        <root url="file:///Library/Developer/CommandLineTools/Library/Frameworks/Python3.framework/Versions/3.8/lib/python3.8" />
        <root url="file:///Library/Developer/CommandLineTools/Library/Frameworks/Python3.framework/Versions/3.8/lib/python3.8/lib-dynload" />
        <root url="file://$USER_HOME$/CGProjects/eagle-infra/lib/eagle-market-data-etl-stack/venv/lib/python3.8/site-packages" />
        <root url="file://$USER_HOME$/Library/Caches/JetBrains/IntelliJIdea2021.1/python_stubs/1048417799" />
        <root url="file://$APPLICATION_PLUGINS_DIR$/python/helpers/python-skeletons" />
        <root url="file://$APPLICATION_PLUGINS_DIR$/python/helpers/typeshed/stdlib" />
        <root url="file://$APPLICATION_PLUGINS_DIR$/python/helpers/typeshed/stubs/jwt" />
        <root url="file://$APPLICATION_PLUGINS_DIR$/python/helpers/typeshed/stubs/six" />
        <root url="file://$APPLICATION_PLUGINS_DIR$/python/helpers/typeshed/stubs/mock" />
        <root url="file://$APPLICATION_PLUGINS_DIR$/python/helpers/typeshed/stubs/nmap" />
        <root url="file://$APPLICATION_PLUGINS_DIR$/python/helpers/typeshed/stubs/attrs" />
        <root url="file://$APPLICATION_PLUGINS_DIR$/python/helpers/typeshed/stubs/polib" />
        <root url="file://$APPLICATION_PLUGINS_DIR$/python/helpers/typeshed/stubs/retry" />
        <root url="file://$APPLICATION_PLUGINS_DIR$/python/helpers/typeshed/stubs/enum34" />
        <root url="file://$APPLICATION_PLUGINS_DIR$/python/helpers/typeshed/stubs/orjson" />
        <root url="file://$APPLICATION_PLUGINS_DIR$/python/helpers/typeshed/stubs/xxhash" />
        <root url="file://$APPLICATION_PLUGINS_DIR$/python/helpers/typeshed/stubs/chardet" />
        <root url="file://$APPLICATION_PLUGINS_DIR$/python/helpers/typeshed/stubs/futures" />
        <root url="file://$APPLICATION_PLUGINS_DIR$/python/helpers/typeshed/stubs/tzlocal" />
        <root url="file://$APPLICATION_PLUGINS_DIR$/python/helpers/typeshed/stubs/aiofiles" />
        <root url="file://$APPLICATION_PLUGINS_DIR$/python/helpers/typeshed/stubs/filelock" />
        <root url="file://$APPLICATION_PLUGINS_DIR$/python/helpers/typeshed/stubs/Markdown" />
        <root url="file://$APPLICATION_PLUGINS_DIR$/python/helpers/typeshed/stubs/paramiko" />
        <root url="file://$APPLICATION_PLUGINS_DIR$/python/helpers/typeshed/stubs/pathlib2" />
        <root url="file://$APPLICATION_PLUGINS_DIR$/python/helpers/typeshed/stubs/requests" />
        <root url="file://$APPLICATION_PLUGINS_DIR$/python/helpers/typeshed/stubs/waitress" />
        <root url="file://$APPLICATION_PLUGINS_DIR$/python/helpers/typeshed/stubs/Werkzeug" />
        <root url="file://$APPLICATION_PLUGINS_DIR$/python/helpers/typeshed/stubs/freezegun" />
        <root url="file://$APPLICATION_PLUGINS_DIR$/python/helpers/typeshed/stubs/ipaddress" />
        <root url="file://$APPLICATION_PLUGINS_DIR$/python/helpers/typeshed/stubs/pyRFC3339" />
        <root url="file://$APPLICATION_PLUGINS_DIR$/python/helpers/typeshed/stubs/typed-ast" />
        <root url="file://$APPLICATION_PLUGINS_DIR$/python/helpers/typeshed/stubs/cachetools" />
        <root url="file://$APPLICATION_PLUGINS_DIR$/python/helpers/typeshed/stubs/Deprecated" />
        <root url="file://$APPLICATION_PLUGINS_DIR$/python/helpers/typeshed/stubs/frozendict" />
        <root url="file://$APPLICATION_PLUGINS_DIR$/python/helpers/typeshed/stubs/contextvars" />
        <root url="file://$APPLICATION_PLUGINS_DIR$/python/helpers/typeshed/stubs/JACK-Client" />
        <root url="file://$APPLICATION_PLUGINS_DIR$/python/helpers/typeshed/stubs/atomicwrites" />
        <root url="file://$APPLICATION_PLUGINS_DIR$/python/helpers/typeshed/stubs/cryptography" />
        <root url="file://$APPLICATION_PLUGINS_DIR$/python/helpers/typeshed/stubs/click-spinner" />
        <root url="file://$APPLICATION_PLUGINS_DIR$/python/helpers/typeshed/stubs/DateTimeRange" />
        <root url="file://$APPLICATION_PLUGINS_DIR$/python/helpers/typeshed/stubs/pkg_resources" />
        <root url="file://$APPLICATION_PLUGINS_DIR$/python/helpers/typeshed/stubs/python-gflags" />
        <root url="file://$APPLICATION_PLUGINS_DIR$/python/helpers/typeshed/stubs/python-slugify" />
        <root url="file://$APPLICATION_PLUGINS_DIR$/python/helpers/typeshed/stubs/python-dateutil" />
        <root url="file://$APPLICATION_PLUGINS_DIR$/python/helpers/typeshed/stubs/typing-extensions" />
      </SOURCES>
    </library>
    <library name="Python 3.8 (svc-backend-p4oWVUUN-py3.8) interpreter library">
      <CLASSES>
        <root url="file:///usr/local/Cellar/python@3.8/3.8.11/Frameworks/Python.framework/Versions/3.8/lib/python3.8" />
        <root url="file:///usr/local/Cellar/python@3.8/3.8.11/Frameworks/Python.framework/Versions/3.8/lib/python3.8/lib-dynload" />
        <root url="file://$USER_HOME$/Library/Caches/pypoetry/virtualenvs/svc-backend-p4oWVUUN-py3.8/lib/python3.8/site-packages" />
        <root url="file://$USER_HOME$/CGProjects/eagle/svc-backend" />
        <root url="file://$USER_HOME$/Library/Caches/JetBrains/IntelliJIdea2021.1/python_stubs/1361302693" />
        <root url="file://$APPLICATION_PLUGINS_DIR$/python/helpers/python-skeletons" />
        <root url="file://$APPLICATION_PLUGINS_DIR$/python/helpers/typeshed/stdlib" />
        <root url="file://$APPLICATION_PLUGINS_DIR$/python/helpers/typeshed/stubs/jwt" />
        <root url="file://$APPLICATION_PLUGINS_DIR$/python/helpers/typeshed/stubs/six" />
        <root url="file://$APPLICATION_PLUGINS_DIR$/python/helpers/typeshed/stubs/mock" />
        <root url="file://$APPLICATION_PLUGINS_DIR$/python/helpers/typeshed/stubs/nmap" />
        <root url="file://$APPLICATION_PLUGINS_DIR$/python/helpers/typeshed/stubs/attrs" />
        <root url="file://$APPLICATION_PLUGINS_DIR$/python/helpers/typeshed/stubs/polib" />
        <root url="file://$APPLICATION_PLUGINS_DIR$/python/helpers/typeshed/stubs/retry" />
        <root url="file://$APPLICATION_PLUGINS_DIR$/python/helpers/typeshed/stubs/enum34" />
        <root url="file://$APPLICATION_PLUGINS_DIR$/python/helpers/typeshed/stubs/orjson" />
        <root url="file://$APPLICATION_PLUGINS_DIR$/python/helpers/typeshed/stubs/xxhash" />
        <root url="file://$APPLICATION_PLUGINS_DIR$/python/helpers/typeshed/stubs/chardet" />
        <root url="file://$APPLICATION_PLUGINS_DIR$/python/helpers/typeshed/stubs/futures" />
        <root url="file://$APPLICATION_PLUGINS_DIR$/python/helpers/typeshed/stubs/tzlocal" />
        <root url="file://$APPLICATION_PLUGINS_DIR$/python/helpers/typeshed/stubs/aiofiles" />
        <root url="file://$APPLICATION_PLUGINS_DIR$/python/helpers/typeshed/stubs/filelock" />
        <root url="file://$APPLICATION_PLUGINS_DIR$/python/helpers/typeshed/stubs/Markdown" />
        <root url="file://$APPLICATION_PLUGINS_DIR$/python/helpers/typeshed/stubs/paramiko" />
        <root url="file://$APPLICATION_PLUGINS_DIR$/python/helpers/typeshed/stubs/pathlib2" />
        <root url="file://$APPLICATION_PLUGINS_DIR$/python/helpers/typeshed/stubs/requests" />
        <root url="file://$APPLICATION_PLUGINS_DIR$/python/helpers/typeshed/stubs/waitress" />
        <root url="file://$APPLICATION_PLUGINS_DIR$/python/helpers/typeshed/stubs/Werkzeug" />
        <root url="file://$APPLICATION_PLUGINS_DIR$/python/helpers/typeshed/stubs/freezegun" />
        <root url="file://$APPLICATION_PLUGINS_DIR$/python/helpers/typeshed/stubs/ipaddress" />
        <root url="file://$APPLICATION_PLUGINS_DIR$/python/helpers/typeshed/stubs/pyRFC3339" />
        <root url="file://$APPLICATION_PLUGINS_DIR$/python/helpers/typeshed/stubs/typed-ast" />
        <root url="file://$APPLICATION_PLUGINS_DIR$/python/helpers/typeshed/stubs/cachetools" />
        <root url="file://$APPLICATION_PLUGINS_DIR$/python/helpers/typeshed/stubs/Deprecated" />
        <root url="file://$APPLICATION_PLUGINS_DIR$/python/helpers/typeshed/stubs/frozendict" />
        <root url="file://$APPLICATION_PLUGINS_DIR$/python/helpers/typeshed/stubs/contextvars" />
        <root url="file://$APPLICATION_PLUGINS_DIR$/python/helpers/typeshed/stubs/JACK-Client" />
        <root url="file://$APPLICATION_PLUGINS_DIR$/python/helpers/typeshed/stubs/atomicwrites" />
        <root url="file://$APPLICATION_PLUGINS_DIR$/python/helpers/typeshed/stubs/cryptography" />
        <root url="file://$APPLICATION_PLUGINS_DIR$/python/helpers/typeshed/stubs/click-spinner" />
        <root url="file://$APPLICATION_PLUGINS_DIR$/python/helpers/typeshed/stubs/DateTimeRange" />
        <root url="file://$APPLICATION_PLUGINS_DIR$/python/helpers/typeshed/stubs/pkg_resources" />
        <root url="file://$APPLICATION_PLUGINS_DIR$/python/helpers/typeshed/stubs/python-gflags" />
        <root url="file://$APPLICATION_PLUGINS_DIR$/python/helpers/typeshed/stubs/python-slugify" />
        <root url="file://$APPLICATION_PLUGINS_DIR$/python/helpers/typeshed/stubs/python-dateutil" />
        <root url="file://$APPLICATION_PLUGINS_DIR$/python/helpers/typeshed/stubs/typing-extensions" />
      </CLASSES>
      <JAVADOC />
      <SOURCES>
        <root url="file:///usr/local/Cellar/python@3.8/3.8.11/Frameworks/Python.framework/Versions/3.8/lib/python3.8" />
        <root url="file:///usr/local/Cellar/python@3.8/3.8.11/Frameworks/Python.framework/Versions/3.8/lib/python3.8/lib-dynload" />
        <root url="file://$USER_HOME$/Library/Caches/pypoetry/virtualenvs/svc-backend-p4oWVUUN-py3.8/lib/python3.8/site-packages" />
        <root url="file://$USER_HOME$/CGProjects/eagle/svc-backend" />
        <root url="file://$USER_HOME$/Library/Caches/JetBrains/IntelliJIdea2021.1/python_stubs/1361302693" />
        <root url="file://$APPLICATION_PLUGINS_DIR$/python/helpers/python-skeletons" />
        <root url="file://$APPLICATION_PLUGINS_DIR$/python/helpers/typeshed/stdlib" />
        <root url="file://$APPLICATION_PLUGINS_DIR$/python/helpers/typeshed/stubs/jwt" />
        <root url="file://$APPLICATION_PLUGINS_DIR$/python/helpers/typeshed/stubs/six" />
        <root url="file://$APPLICATION_PLUGINS_DIR$/python/helpers/typeshed/stubs/mock" />
        <root url="file://$APPLICATION_PLUGINS_DIR$/python/helpers/typeshed/stubs/nmap" />
        <root url="file://$APPLICATION_PLUGINS_DIR$/python/helpers/typeshed/stubs/attrs" />
        <root url="file://$APPLICATION_PLUGINS_DIR$/python/helpers/typeshed/stubs/polib" />
        <root url="file://$APPLICATION_PLUGINS_DIR$/python/helpers/typeshed/stubs/retry" />
        <root url="file://$APPLICATION_PLUGINS_DIR$/python/helpers/typeshed/stubs/enum34" />
        <root url="file://$APPLICATION_PLUGINS_DIR$/python/helpers/typeshed/stubs/orjson" />
        <root url="file://$APPLICATION_PLUGINS_DIR$/python/helpers/typeshed/stubs/xxhash" />
        <root url="file://$APPLICATION_PLUGINS_DIR$/python/helpers/typeshed/stubs/chardet" />
        <root url="file://$APPLICATION_PLUGINS_DIR$/python/helpers/typeshed/stubs/futures" />
        <root url="file://$APPLICATION_PLUGINS_DIR$/python/helpers/typeshed/stubs/tzlocal" />
        <root url="file://$APPLICATION_PLUGINS_DIR$/python/helpers/typeshed/stubs/aiofiles" />
        <root url="file://$APPLICATION_PLUGINS_DIR$/python/helpers/typeshed/stubs/filelock" />
        <root url="file://$APPLICATION_PLUGINS_DIR$/python/helpers/typeshed/stubs/Markdown" />
        <root url="file://$APPLICATION_PLUGINS_DIR$/python/helpers/typeshed/stubs/paramiko" />
        <root url="file://$APPLICATION_PLUGINS_DIR$/python/helpers/typeshed/stubs/pathlib2" />
        <root url="file://$APPLICATION_PLUGINS_DIR$/python/helpers/typeshed/stubs/requests" />
        <root url="file://$APPLICATION_PLUGINS_DIR$/python/helpers/typeshed/stubs/waitress" />
        <root url="file://$APPLICATION_PLUGINS_DIR$/python/helpers/typeshed/stubs/Werkzeug" />
        <root url="file://$APPLICATION_PLUGINS_DIR$/python/helpers/typeshed/stubs/freezegun" />
        <root url="file://$APPLICATION_PLUGINS_DIR$/python/helpers/typeshed/stubs/ipaddress" />
        <root url="file://$APPLICATION_PLUGINS_DIR$/python/helpers/typeshed/stubs/pyRFC3339" />
        <root url="file://$APPLICATION_PLUGINS_DIR$/python/helpers/typeshed/stubs/typed-ast" />
        <root url="file://$APPLICATION_PLUGINS_DIR$/python/helpers/typeshed/stubs/cachetools" />
        <root url="file://$APPLICATION_PLUGINS_DIR$/python/helpers/typeshed/stubs/Deprecated" />
        <root url="file://$APPLICATION_PLUGINS_DIR$/python/helpers/typeshed/stubs/frozendict" />
        <root url="file://$APPLICATION_PLUGINS_DIR$/python/helpers/typeshed/stubs/contextvars" />
        <root url="file://$APPLICATION_PLUGINS_DIR$/python/helpers/typeshed/stubs/JACK-Client" />
        <root url="file://$APPLICATION_PLUGINS_DIR$/python/helpers/typeshed/stubs/atomicwrites" />
        <root url="file://$APPLICATION_PLUGINS_DIR$/python/helpers/typeshed/stubs/cryptography" />
        <root url="file://$APPLICATION_PLUGINS_DIR$/python/helpers/typeshed/stubs/click-spinner" />
        <root url="file://$APPLICATION_PLUGINS_DIR$/python/helpers/typeshed/stubs/DateTimeRange" />
        <root url="file://$APPLICATION_PLUGINS_DIR$/python/helpers/typeshed/stubs/pkg_resources" />
        <root url="file://$APPLICATION_PLUGINS_DIR$/python/helpers/typeshed/stubs/python-gflags" />
        <root url="file://$APPLICATION_PLUGINS_DIR$/python/helpers/typeshed/stubs/python-slugify" />
        <root url="file://$APPLICATION_PLUGINS_DIR$/python/helpers/typeshed/stubs/python-dateutil" />
        <root url="file://$APPLICATION_PLUGINS_DIR$/python/helpers/typeshed/stubs/typing-extensions" />
      </SOURCES>
    </library>
  </component>
</application>