<application>
  <component name="ActionMacroManager">
    <macro name="organize_code">
      <action id="OptimizeImports" />
      <action id="ReformatCode" />
    </macro>
    <macro name="open_console">
      <action id="com.jetbrains.python.console.RunPythonConsoleAction" />
      <action id="com.jetbrains.python.console.RunPythonConsoleAction" />
    </macro>
    <macro name="restore_layout">
      <shortuct text="ESCAPE" />
      <shortuct text="ESCAPE" />
      <shortuct text="ESCAPE" />
      <action id="RestoreDefaultLayout" />
      <shortuct text="ESCAPE" />
      <shortuct text="ESCAPE" />
      <shortuct text="ESCAPE" />
    </macro>
  </component>
</application>