<application>
  <component name="LocalDatabaseDriverManager" version="201">
    <driver id="athena">
      <artifact id="Athena" name="Athena" use="true" version="2.0.16" />
    </driver>
    <driver id="mysql.8">
      <artifact id="MySQL Connector/J 8" name="MySQL Connector/J 8" use="true" />
    </driver>
    <driver id="postgresql">
      <artifact id="PostgreSQL" name="PostgreSQL" use="true" version="42.2.5" />
    </driver>
    <driver id="vertica">
      <artifact id="Vertica" name="Vertica" use="true" version="9.2.0" />
    </driver>
    <driver id="java.sql.Driver" name="Athena Driver" driver-class="com.simba.athena.jdbc42.Driver">
      <property name="AwsRegion" value="us-east-1" />
      <library>
        <url>file://$APPLICATION_CONFIG_DIR$/jdbc-drivers/Athena/AthenaJDBC42.jar</url>
      </library>
    </driver>
  </component>
</application>