<application>
  <component name="CodeInsightSettings">
    <option name="REFORMAT_ON_PASTE" value="1" />
    <option name="INDENT_TO_CARET_ON_PASTE" value="true" />
    <option name="HIGHLIGHT_IDENTIFIER_UNDER_CARET" value="false" />
    <option name="ADD_UNAMBIGIOUS_IMPORTS_ON_THE_FLY" value="true" />
  </component>
  <component name="DefaultFont">
    <option name="FONT_FAMILY" value="Monaco" />
  </component>
  <component name="EditorSettings">
    <option name="IS_CAMEL_WORDS" value="true" />
  </component>
</application>