<application>
  <component name="ActionMacroManager">
    <macro name="organize_code">
      <action id="OptimizeImports" />
      <action id="ReformatCode" />
    </macro>
    <macro name="restore_layout">
      <shortuct text="ESCAPE" />
      <shortuct text="ESCAPE" />
      <shortuct text="ESCAPE" />
      <action id="RestoreDefaultLayout" />
      <shortuct text="ESCAPE" />
      <shortuct text="ESCAPE" />
      <shortuct text="ESCAPE" />
    </macro>
    <macro name="open_debug_console">
      <shortuct text="ESCAPE" />
      <shortuct text="ESCAPE" />
      <shortuct text="ESCAPE" />
      <action id="ActivateDebugToolWindow" />
      <action id="com.jetbrains.python.console.RunPythonOrDebugConsoleAction" />
      <action id="com.jetbrains.python.console.RunPythonOrDebugConsoleAction" />
    </macro>
  </component>
</application>